Modèle,MAE,RMSE,R²
Poisson,1.0460295150039642,1.6516577233344676,-0.07049598729063122
Random Forest,0.9649773486290999,1.617277622327482,-0.026393973777731894
XGBoost,1.0519005060195923,1.806728909371638,-0.2809462547302246
